dataset,frame,dist_thresh_m,downsampled_pts,ground_pts,obstacle_pts,num_clusters,min_dist_m,latency_p50_ms,latency_p95_ms
kitti_mini,000019,0.15,20515,8874,11641,30,1.72,109.32,136.26
kitti_mini,000019,0.2,20515,9697,10818,26,1.72,100.37,125.95
kitti_mini,000019,0.25,20515,9817,10698,26,1.72,90.36,103.65
kitti_mini,000019,0.3,20515,10855,9660,24,1.72,81.28,92.39
kitti_mini,000019,0.35,20515,11163,9352,26,1.72,72.85,96.08
kitti_mini,000011,0.15,20273,9609,10664,45,1.57,75.01,80.1
kitti_mini,000011,0.2,20273,9924,10349,44,1.57,70.7,75.7
kitti_mini,000011,0.25,20273,10066,10207,44,1.57,66.56,72.04
kitti_mini,000011,0.3,20273,10389,9884,44,1.57,66.85,73.44
kitti_mini,000011,0.35,20273,10900,9373,44,1.57,63.8,69.07
kitti_mini,000008,0.15,22575,5116,17459,38,1.75,134.34,143.38
kitti_mini,000008,0.2,22575,6218,16357,37,1.75,128.1,137.15
kitti_mini,000008,0.25,22575,7033,15542,40,1.75,119.57,130.04
kitti_mini,000008,0.3,22575,8252,14323,38,1.75,113.75,122.85
kitti_mini,000008,0.35,22575,8939,13636,42,1.75,122.55,133.93
